ID;Množ.
TISK-6;-1,00
SSK-PROSHORT;-2,00
KORESPOP10;-1,00
KORESPOP4;-1,00
KORESCS250;-1,00
MG-KT-18-05-N;-30,00
SWPA-NEOMAG-10PACK;-1,00
MU;-1,00
SSK-OFPRO-2,5;-1,00
SSK-OFDRY;-2,00
SWPPC;-1,00
MT01D290Z;-1,00
KORESPOP4W;-1,00
MT01P205Z;-1,00
MG-F;-3,00
MU;-4,00
KORESPOP10;-2,00
MT01P206Z;-1,00
KORESCS250;-2,00
KORESPOP4;-1,00
KORESCS250;-1,00
SWP6W;-1,00
SWPPW;-1,00
MG-F;-3,00
SWPC-MAGPLAST10;-1,00
SWPWS-20;-1,00
SSC-SUMAGP6;-1,00
SWPPW;-1,00
SWP2W;-2,00
KORESCS250;-5,00
SWPWS-10;-2,00
MG-KT-18-05-N;-50,00
SWPC-DECOVER2-SET5;-1,00
SWPC-MAGPLAST10;-1,00
TISK-15;-1,00
SWP6W;-2,00
SWPK-18WHITE;-1,00
SWP2W;-1,00
SWP6W;-1,00
SWPPW;-2,00
MG-KT-18-05-N;-5,00
SSC-SUMAGP6;-1,00
KORESPOP4;-1,00
KORESCS250;-1,00
TISK-15;-1,00
SWPC-DECOVERING;-1,00
KORESPOP4;-2,00
KORESCS250;-8,00
MU;-5,00
KORESPOP4;-3,00
KORESCS250;-1,00
MG-KT-18-05-N;-3,00
SSK-OFDRYC-2,5;-1,00
MG-F;-2,00
KORESCS250;-1,00
SWPPW;-2,00
SSC-SUMAGP6;-1,00
KORESPOP4;-1,00
MG-KT-18-05-N;-5,00
SWP6W;-1,00
MG-KT-10KS;-77,00
TISK-6;-2,00
SWPA-SPRAY250;-2,00
SSK-PROSHORT;-2,00
BALVBA;-2,00
SWPWS-20;-1,00
BALMBMGA;-2,00
SWPWS-10;-2,00
TISK-4;-2,00
SWPMG1;-2,00
MG-KT-18-05-N;-20,00
MT01P206Z;-1,00
SSC-PROPROFESSIONAL;-1,00
SWPPW;-1,00
SSK-PROSHORT;-1,00
TISK-6;-1,00
MG-F;-2,00
KORESPOP4;-2,00
SWPA-NEOMAG-10PACK;-2,00
MU;-4,00
KORESPOP10;-2,00
KORESCS250;-4,00
SWPPW;-1,00
SWPPW24;-1,00
MG-KT-18-05-N;-10,00
KORESPOP4;-2,00
KORESCS250;-1,00
SSC-MAG9;-2,00
SWPK-18WHITE;-1,00
MG-F;-1,00
SSC-SUMAGP6;-1,00
KORESCS250;-1,00
MG-KT-18-05-N;-5,00
SWP6W;-1,00
SWPPW;-2,00
KORESPOP4;-1,00
SSK-OFPRO-2,5;-1,00
SSK-PROSHORT;-2,00
TISK-6;-2,00
BALMPMGA;-2,00
MU;-10,00
SWPPW;-1,00
KORESPOP4;-1,00
KORESCS250;-1,00
SWP6W;-1,00
TISK-6;-1,00
SWPPW;-1,00
SSC-PROPROFESSIONAL;-1,00
MU;-25,00
MG-F;-1,00
KORESPOP4;-25,00
KORESCS250;-1,00
MG-KT-18-05-N;-10,00
SWPA-NEOMAG-10PACK;-1,00
SWPA-NEOMAG-10PACK;-2,00
MG-KT-18-05-N;-30,00
KORESPOP10;-1,00
KORESPOP4;-1,00
SWP6W;-1,00
SSC-SUMAGP6;-1,00
MT01P206Z;-1,00
SWPA-SPRAY250;-1,00
SWPPW;-2,00
MG-KT-18-05-N;-5,00
SSK-OFDRYC-2,5;-1,00
SSC-PROPROFESSIONAL;-5,00
CSPRO;-3,00
TISK-4;-2,00
SWPMG5;-2,00
SWPWS-10;-1,00
SWPWS-10;-1,00
SWPA-NEOMAG-10PACK;-4,00
KORESPOP10;-2,00
KORESCS250;-1,00
MU;-1,00
KORESCS250;-24,00
MG-KT-18-05-N;-200,00
KORESCS250;-2,00
KORESPOP4;-2,00
MU;-2,00
SWP6W;-2,00
SWPPW;-2,00
KORESCS250;-20,00
KORESPOP4;-1,00
SWPPW;-2,00
MG-KT-18-05-N;-5,00
SWP6W;-1,00
KORESCS250;-1,00
SSC-SUMAGP6;-1,00
MT01D290Z;-2,00
KORESPOP10;-1,00
KORESPOP4;-2,00
MU;-3,00
KORESCS250;-2,00
MG-F;-3,00
SWPA-NEOMAG-10PACK;-2,00
MU;-15,00
TISK-4;-1,00
SSC-MAG9;-1,00
SWPA-NEOMAG-10PACK;-3,00
SWPPW;-1,00
KORESCS250;-1,00
SWPWS-20;-1,00
MU;-1,00
KORESPOP4;-1,00
SSK-OFDRY-5;-1,00
SSK-OFDRY;-1,00
TISK-5;-1,00
SWPBP;-1,00
SSK-OFDRY-5;-1,00
SWP6W;-1,00
MU;-1,00
SSK-PROPRO;-1,00
SWPPW24;-2,00
KORESPOP4;-4,00
KORESCS250;-2,00
SWPK-18WHITE;-2,00
SWPPW;-1,00
SSC-SUMAGP6;-1,00
SWPK-18WHITE;-1,00
SWP6W;-1,00
KORESCS250;-1,00
KORESPOP4;-1,00
MU;-1,00
SWP6W;-1,00
SWPK-18WHITE;-2,00
SWPPW24;-2,00
SWP6W;-1,00
MG-KT-18-05-N;-5,00
SWPC-MAGPLAST10;-1,00
TISK-15;-1,00
MG-F;-5,00
SWPC-DECOVER2-SET5;-1,00
SWP6W;-1,00
KORESPOP4;-1,00
KORESCS250;-1,00
SWPPW;-1,00
MG-F;-1,00
MG-KT-18-05-N;-5,00
SWPA-NEOMAG-10PACK;-1,00
SSK-PROWBP;-1,00
SWPSAM;-4,00
KORESCS250;-100,00
SWP2W;-1,00
KORESPOP4;-1,00
SWP6W;-1,00
SWPPW;-1,00
KORESCS250;-1,00
SWPK-18WHITE;-1,00
SWPK-18WHITE;-1,00
SWPPW24;-1,00
SWP6W;-1,00
SSK-PROWBP;-2,00
SWPPW24;-1,00
SWP6W;-2,00
SWPPW;-1,00
SSC-MAG3;-1,00
KORESCS250;-3,00
MG-F;-5,00
TISK-16;-2,00
SSK-OFDRY-5;-2,00
SSK-OFDRY-2,5;-2,00
SSC-SUMAGP6;-1,00
SWP6W;-2,00
SSC-WCADH3;-1,00
SWP2W;-1,00
SWP6W;-1,00
SWPC-MAGPLAST10;-2,00
SWP6W;-1,00
CSPRO;-2,00
KORESPOP10;-1,00
SSC-SUMAGP6;-1,00
MG-F;-1,00
KORESPOP4W;-1,00
MG-KT-18-05-N;-5,00
SWPPW;-2,00
KORESPOP4;-3,00
SWPA-NEOMAG-10PACK;-1,00
KORESCS250;-2,00
KORESPOP4;-10,00
MU;-10,00
KORESCS250;-20,00
MU;-14,00
SWP6W;-1,00
SSK-OFPRO5;-5,00
KORESPOP4W;-1,00
MG-KT-18-05-N;-30,00
SWPA-4EDD;-1,00
CSPRO;-1,00
KORESCS250;-1,00
SWPK-18WHITE;-1,00
MU;-20,00
KORESCS250;-20,00
KORESPOP4;-20,00
SSC-SUMAGP6;-1,00
MG-KT-18-05-N;-15,00
SWPMG1;-2,00
KORESCS250;-3,00
KORESPOP4;-3,00
SWP2C;-2,00
SWP6C;-1,00
MU;-1,00
MG-F;-3,00
KORESPOP10;-1,00
KORESCS250;-1,00
TISK-5;-1,00
SWPBP;-1,00
TISK-4;-1,00
MG-KT-18-05-N;-5,00
SWPA-NEOMAG-10PACK;-1,00
SSC-SUMAGP6;-1,00
MT01P206Z;-2,00
MG-F;-6,00
MT01D290Z;-2,00
TISK-16;-1,00
SSK-OFDRY-5;-1,00
SWP6W;-1,00
KORESPOP4;-1,00
SWPPW;-1,00
KORESCS250;-1,00
SWP2C;-1,00
SWPC-MAGPLAST10;-1,00
SWP6W;-2,00
KORESCS250;-2,00
KORESPOP4;-2,00
SWPPW;-2,00
SWPC-MAGPLAST10;-2,00
SWP6W;-2,00
MT01P206Z;-4,00
SWPPW24;-1,00
MU;-2,00
SSK-PROWBP;-1,00
KORESPOP4;-2,00
SWPPW;-1,00
KORESCS250;-2,00
SWPPW;-2,00
SWPA-NEOMAG-10PACK;-2,00
SSC-SUMAGP6;-1,00
SWP6W;-1,00
KORESPOP4;-1,00
KORESCS250;-1,00
MG-KT-18-05-N;-5,00
MU;-5,00
CSPRO;-1,00
KORESPOP4W;-1,00
KORESCS250;-1,00
MG-KT-10KS;-1,00
SWPWS-10;-1,00
SWPWS-10;-3,00
MG-KT-10KS;-19,00
KORESPOP4;-1,00
MU;-1,00
MT01P206Z;-1,00
MT01D290Z;-1,00
KORESCS250;-1,00
SSK-PROWBP;-1,00
SWP2C;-2,00
MG-KT-18-05-N;-20,00
MU;-1,00
KORESPOP4;-1,00
KORESPOP10;-1,00
KORESCS250;-1,00
SWPK-18CLEAR;-1,00
SWP6C;-2,00
SWPBMP-SET;-1,00
SWP2C;-1,00
KORESCS250;-1,00
SWPC-MAGPLAST10;-1,00
TISK-9;-1,00
SWP6W;-1,00
SWPPW;-1,00
KORESPOP4;-1,00
TISK-5;-1,00
MG-F;-2,00
SWPBP;-1,00
SWPMG1;-1,00
TISK-18;-1,00
SSC-SUMAGP6;-2,00
SWPPW;-2,00
SWP2W;-1,00
SWPPW;-1,00
SWP6W;-1,00
SWPPW;-1,00
SWP6W;-1,00
SWPPW;-1,00
SWP6W;-1,00
KORESCS250;-1,00
KORESPOP4;-1,00
TISK-6;-1,00
SSK-PROSHORT;-1,00
KORESPOP4;-6,00
MU;-3,00
SWPA-NEOMAG-10PACK;-6,00
KORESCS250;-3,00
TISK-16;-2,00
SSK-OFDRY-5;-2,00
SWP2C;-3,00
MG-KT-18-05-N;-60,00
SSC-MAG9;-2,00
SWPPC;-2,00
KORESPOP4;-4,00
SWPPW24;-1,00
SWPK-18WHITE;-1,00
SWP6C;-1,00
EDD4095;-2,00
SWPPW;-1,00
KORESCS250;-3,00
TISK-5;-1,00
SWPBP;-1,00
SWPWS-20;-1,00
TISK-4;-1,00
SWPMG1;-1,00
TISK-4;-1,00
SWPMG1;-1,00
SWPWS-20;-2,00
TISK-5;-1,00
SWPBMP-SET;-1,00
SWPBP;-1,00
BALMBA;-2,00
SWPBMP-SET;-1,00
MG-KT-10KS;-9,00
TISK-4;-2,00
SWPMG1;-2,00
BALMBA;-2,00
KORESPOP4;-2,00
SWPK-18WHITE;-1,00
SWPPW24;-1,00
KORESCS250;-1,00
MG-F;-2,00
SWPMG1;-1,00
SWPA-NEOMAG-10PACK;-1,00
SWPWS-10;-1,00
KORESCS250;-1,00
SWP6W;-1,00
KORESPOP4;-1,00
TISK-18;-1,00
MT01P206Z;-1,00
SWPPW;-1,00
KORESCS250;-4,00
MU;-4,00
KORESPOP4;-4,00
MG-KT-18-05-N;-20,00
SWPA-NEOMAG-10PACK;-5,00
SWPC-DECOVER2-SET5;-1,00
TISK-15;-1,00
KORESPOP4;-1,00
MU;-1,00
TISK-9;-1,00
KORESCS250;-1,00
SWPC-MAGPLAST10;-1,00
MG-KT-18-05-N;-20,00
TISK-4;-2,00
SWPMG1;-2,00
BALMBA;-2,00
SWPWS-10;-1,00
SWPMG5;-1,00
SWPBP;-2,00
TISK-5;-2,00
SWPWS-10;-4,00
SSK-PROSHORT;-2,00
SWPMG5;-1,00
TISK-4;-1,00
MG-KT-10KS;-20,00
TISK-4;-1,00
SSC-SUMAGP6;-1,00
KORESPOP4;-2,00
SWPPW;-1,00
SWP2W;-1,00
KORESPOP4W;-1,00
KORESCS250;-3,00
KORESCS250;-10,00
SWPC-DECOVERING2;-1,00
KORESCS250;-1,00
SWP6C;-1,00
MG-KT-18-05-N;-5,00
KORESPOP4;-1,00
TISK-4;-1,00
TISK-1;-1,00
SSC-SUMAGP6;-1,00
TISK-16;-1,00
SWPA-SPRAY250;-1,00
SSK-OFPRO-2;-1,00
MG-F;-1,00
TISK-4;-1,00
SWPPW;-1,00
SSC-SUMAGP6;-1,00
TISK-21;-1,00
SSK-PROBLACK;-1,00
SSK-OFDRY-2;-2,00
TISK-16;-2,00
BALVBMG2.3A;-1,00
TISK-18;-1,00
TISK-4;-2,00
SWPMG1;-2,00
KORESCS250;-1,00
KORESPOP4;-1,00
MG-KT-18-05-N;-5,00
SWPMG1;-1,00
SWP2C;-1,00
TISK-18;-1,00
KORESPOP10;-1,00
SWPBP;-4,00
SWPWS-20;-1,00
MG-KT-10KS;-20,00
TISK-5;-4,00
SWPWS-10;-4,00
KORESPOP4;-1,00
SWPMG5;-2,00
TISK-4;-2,00
BALMBA;-3,00
EDD4095;-1,00
MU;-3,00
TISK-18;-1,00
KORESPOP10;-2,00
SSC-SUMAGP6;-2,00
MG-KT-18-05-N;-30,00
SWP6C;-1,00
KORESCS250;-3,00
MG-KT-18-05-N;-5,00
KORESPOP4;-1,00
SWPA-NEOMAG-10PACK;-1,00
SWPMG1;-1,00
KORESCS250;-1,00
SWP2W;-1,00
TISK-18;-1,00
TISK-15;-2,00
SWPC-DECOVERING2;-2,00
SSC-SUMAGP6;-1,00
MG-KT-18-05-N;-50,00
SWP6C;-1,00
SWPBP;-1,00
TISK-5;-1,00
TISK-4;-1,00
SWPMG1;-1,00
SWPA-NEOMAG-10PACK;-1,00
MG-KT-18-05-N;-6,00
SSK-PROWBP;-1,00
TISK-23;-1,00
TISK-4;-2,00
SWPMG1;-2,00
CSPRO;-1,00
EDD4095;-2,00
KORESPOP4W;-10,00
SSC-WCADH3;-5,00
MU;-5,00
SWP6C;-12,00
MU;-1,00
CSPRO;-1,00
KORESCS250;-1,00
KORESPOP4;-5,00
SSK-OFPRO-2;-1,00
TISK-16;-3,00
SSK-OFDRYC-2;-2,00
SWPPW;-1,00
TISK-18;-1,00
BALVBMG2.3A;-1,00
SSK-OFDRY-5;-1,00
TISK-16;-1,00
KORESPOP10;-1,00
TISK-25;-1,00
SSK-PROINTERACTIVE;-1,00
MU;-5,00
BALMBMGA;-1,00
SWPMG1;-2,00
TISK-4;-2,00
MG-KT-10KS;-20,00
BALMBA;-2,00
KORESCS250;-4,00
SWP2C;-4,00
KORESPOP4;-4,00
SWPMG1;-4,00
TISK-18;-1,00
MG-KT-18-05-N;-20,00
SSK-PROPRO;-2,00
TISK-16;-1,00
KORESCS250;-1,00
KORESPOP4;-1,00
SWP6W;-1,00
TISK-1;-1,00
SWPPW;-1,00
SSK-OFPRO;-1,00
SWP6W;-1,00
TISK-18;-1,00
SSC-SUMAGP6;-1,00
SWPPW;-1,00
KORESCS250;-1,00
SWP6W;-1,00
KORESPOP4;-1,00
TISK-1;-1,00
SWP6W;-1,00
SSC-SUMAGP6;-1,00
TISK-18;-1,00
SSK-PROPRO;-3,00
KORESPOP4;-1,00
MG-F;-2,00
MG-KT-18-05-N;-5,00
SWP2C;-1,00
KORESCS250;-1,00
MG-KT-18-05-N;-12,00
TISK-5;-1,00
SWPBP;-1,00
KORESPOP4;-1,00
KORESCS250;-1,00
SWP6W;-1,00
SWPPW;-1,00
SWP6W;-1,00
TISK-1;-1,00
SWPPW;-2,00
KORESCS250;-2,00
KORESPOP4;-2,00
SWP6W;-2,00
SWPK-18WHITE;-2,00
TISK-1;-1,00
SWP6W;-1,00
SWPPW24;-2,00
TISK-18;-1,00
KORESPOP4;-2,00
KORESPOP4W;-2,00
SWPPW;-3,00
SWP6W;-2,00
MG-KT-18-05-N;-5,00
TISK-1;-1,00
SSC-SUMAGP6;-1,00
KORESCS250;-4,00
SWPPW;-1,00
SWP6W;-1,00
TISK-1;-1,00
KORESPOP4;-1,00
KORESPOP10;-1,00
KORESCS250;-1,00
TISK-1;-1,00
SWP6W;-1,00
KORESPOP4;-2,00
KORESCS250;-2,00
SWP6W;-1,00
TISK-1;-1,00
MU;-2,00
SWPPW;-1,00
KORESPOP10;-1,00
SWP6W;-1,00
TISK-1;-1,00
SWPK-18WHITE;-1,00
SWPPW24;-2,00
SSC-SUMAGP6;-1,00
MG-KT-18-05-N;-30,00
SWPWS-10;-1,00
MU;-1,00
KORESCS250;-1,00
KORESPOP4;-1,00
MG-KT-18-05-N;-2,00
SWPBP;-1,00
MG-F;-1,00
MG-KT-18-05-N;-5,00
SSC-SUMAGP6;-1,00
SWPK-18CLEAR;-1,00
KORESPOP4;-1,00
MG-KT-18-05-N;-5,00
SWPMG1;-1,00
SSC-SUMAGP6;-1,00
KORESCS250;-1,00
SSK-OFDRY-5;-1,00
SSK-PROWBP;-1,00
SSC-SUMAGP6;-8,00
SWPPW24;-3,00
SWPK-18WHITE;-2,00
SWP6W;-1,00
SWPWS-10;-1,00
KORESPOP10;-1,00
MU;-1,00
KORESPOP4;-2,00
KORESCS250;-2,00
MG-KT-18-05-N;-10,00
MG-F;-2,00
TISK-23;-1,00
SSK-PROWBP;-2,00
MG-F;-1,00
SWPA-NEOMAG-10PACK;-1,00
TISK-16;-18,00
SSK-OFDRY-2;-6,00
SSK-OFDRYC-2;-7,00
SSK-OFPRO-2;-5,00
SWP6W;-1,00
SSC-MAG3;-1,00
TISK-18;-1,00
SWPPW;-1,00
SSC-SUMAGP6;-1,00
TISK-4;-1,00
SSK-PROWBP;-1,00
TISK-23;-1,00
SWPC-DECOVERING5;-1,00
TISK-15;-1,00
SSK-OFPRO;-2,00
TISK-16;-8,00
MG-F;-1,00
SSC-SUMAGP6;-1,00
MG-KT-18-05-N;-8,00
TISK-16;-1,00
SSK-OFDRY;-1,00
KORESPOP4;-5,00
MU;-1,00
MG-KT-18-05-N;-10,00
CSPRO;-1,00
KORESCS250;-1,00
SSK-PROGAMERULTRA;-1,00
MG-F;-6,00
MU;-6,00
MT01P206Z;-8,00
MG-KT-18-05-N;-60,00
KORESPOP10;-2,00
KORESPOP4;-6,00
KORESCS250;-10,00
SWPA-NEOMAG-10PACK;-4,00
SSC-SUMAGP6;-1,00
MG-KT-18-05-N;-30,00
BALMPA;-2,00
BALMBA;-3,00
BALMBMGA;-1,00
SWPMG1;-1,00
SWP6W;-1,00
SWPPW;-2,00
KORESCS250;-1,00
SSC-SUMAGP6;-1,00
KORESPOP4;-1,00
MG-KT-18-05-N;-5,00
KORESPOP4;-2,00
SWPPW24;-1,00
SSC-MAG9;-2,00
MG-KT-18-05-N;-10,00
SWPPW;-1,00
KORESCS250;-1,00
SWPK-18WHITE;-1,00
SWPK-18WHITE;-1,00
SWPWS-10;-1,00
KORESPOP4;-1,00
MU;-1,00
KORESCS250;-1,00
TISK-5;-2,00
SWPA-SPRAY250;-2,00
SWPBP;-2,00
TISK-4;-3,00
BALMPMGA;-2,00
SWPMG1;-3,00
SWPC-DECOVERING21;-2,00
KORESPOP10;-2,00
SWPWS-10;-1,00
SWPPW;-1,00
MU;-3,00
KORESPOP4;-2,00
SWPK-18WHITE;-1,00
SWPPW;-1,00
KORESCS250;-2,00
MG-KT-18-05-N;-20,00
SWPPW24;-1,00
SSC-MAG9;-2,00
CSPRO;-1,00
KORESCS250;-2,00
KORESPOP10;-2,00
MG-F;-2,00
SWPA-NEOMAG-10PACK;-2,00
KORESCS250;-2,00
SWPA-NEOMAG-10PACK;-5,00
MU;-2,00
KORESPOP4;-2,00
KORESPOP10;-1,00
SWPC-DECOVERING315;-1,00
SSC-WCADH;-1,00
KORESCS250;-1,00
KORESPOP4;-1,00
SWPPW;-1,00
SWP6W;-1,00
SWPK-18WHITE;-1,00
SWPPW24;-1,00
SWPPW;-1,00
SSC-SUMAGP6;-3,00
TISK-18;-1,00
SWPPW;-1,00
KORESCS250;-2,00
SWP6W;-1,00
MU;-4,00
CSPRO;-4,00
SWPA-NEOMAG-10PACK;-4,00
KORESPOP4;-2,00
SWPPW;-1,00
MG-KT-18-05-N;-10,00
SWPPW24;-1,00
KORESCS250;-1,00
TISK-18;-1,00
SWPK-18WHITE;-1,00
SSC-MAG9;-2,00
KORESCS250;-1,00
KORESPOP4;-1,00
MU;-1,00
CSPRO;-1,00
TISK-4;-1,00
SSC-SUMAGP6;-2,00
SWPC-DECOVERING21;-1,00
TISK-24;-1,00
SWPBP;-5,00
SWPA-SPRAY250;-2,00
TISK-5;-5,00
SSK-PROSHORT;-1,00
SWPMG5;-2,00
TISK-4;-2,00
SWP6W;-1,00
TISK-1;-1,00
KORESPOP10;-3,00
SWPA-NEOMAG-10PACK;-4,00
CSPRO;-1,00
KORESPOP4W;-1,00
MG-KT-18-05-N;-15,00
KORESCS250;-1,00
KORESPOP4;-1,00
MU;-1,00
KORESPOP4;-5,00
KORESCS250;-5,00
MU;-5,00
TISK-1;-1,00
SWP6W;-1,00
SWPMG1;-2,00
TISK-4;-2,00
SWPBMP-SET;-5,00
MG-KT-18-05-N;-20,00
SWPA-NEOMAG-10PACK;-2,00
MU;-3,00
KORESPOP4;-2,00
MG-F;-3,00
TISK-31;-1,00
SSK-PROGAMERULTRA;-2,00
SWPWS-20;-1,00
TISK-1;-1,00
SWPK-18WHITE;-1,00
SWPPW24;-1,00
KORESCS250;-1,00
KORESPOP4;-2,00
SWPPW;-1,00
SSK-OFPRO;-3,00
TISK-4;-2,00
SWPMG1;-2,00
SWPBMP-SET;-5,00
KORESPOP4;-1,00
KORESCS250;-1,00
SWP6W;-1,00
SWPPW;-1,00
KORESPOP4;-1,00
SSC-SUMAGP6;-1,00
SWPPW;-2,00
SWP2W;-1,00
KORESCS250;-1,00
SWP6W;-1,00
MG-KT-18-05-N;-5,00
SWPBP;-2,00
TISK-5;-2,00
BALVBA;-1,00
SWP6W;-1,00
TISK-27;-1,00
SSK-PROALR;-1,00
SSK-PROWBP;-2,00
TISK-23;-1,00
MG-KT-18-05-N;-12,00
TISK-4;-1,00
SSC-SUMAGP6;-1,00
TISK-5;-2,00
SWPBP;-2,00
SSK-PROSHORT;-2,00
TISK-24;-1,00
SWPPW;-2,00
KORESPOP4;-1,00
KORESCS250;-1,00
SWPPW;-1,00
SWP2W;-1,00
SSK-PROHIGHCONTRAST;-2,00
Tisk-30;-2,00
SWPSAM;-1,00
SSC-SUMAGP6;-1,00
KORESPOP4;-1,00
MG-KT-18-05-N;-5,00
KORESCS250;-1,00
TISK-18;-1,00
SWP6W;-1,00
SWPPW;-2,00
MU;-20,00
CSPRO;-3,00
SWPC-MAGPLAST10;-2,00
TISK-9;-1,00
SWPA-NEOMAG-10PACK;-2,00
MG-KT-18-05-N;-10,00
SWPA-NEOMAG-10PACK;-2,00
SSK-OFDRY;-2,00
TISK-16;-2,00
SWPWS-10;-2,00
MU;-5,00
TISK-5;-3,00
SWPBP;-3,00
BALMBMGA;-1,00
SSK-PROSHORT;-5,00
SWPWS-20;-1,00
TISK-24;-5,00
SWPMG1;-2,00
TISK-4;-1,00
SWPMG1;-1,00
TISK-4;-1,00
SSC-SUMAGP6;-1,00
TISK-4;-1,00
SSK-PROWBP;-2,00
SWPPW;-2,00
TISK-23;-1,00
KORESCS250;-1,00
SSC-SUMAGP6;-1,00
MG-KT-18-05-N;-5,00
TISK-28;-1,00
SWP6W;-1,00
KORESPOP4;-1,00
TISK-18;-1,00
SWPPW;-2,00
SSK-PROPRO;-1,00
KORESPOP4;-1,00
TISK-1;-1,00
SWPPW;-1,00
SWP2W;-1,00
KORESCS250;-1,00
TISK-5;-1,00
SWPBP;-1,00
MU;-1,00
KORESPOP4;-1,00
MT01P206Z;-1,00
EDD4095;-1,00
KORESCS250;-1,00
SSK-PROOUTDOOR4,5;-1,00
TISK-22;-1,00
SWP6W;-1,00
TISK-1;-1,00
KORESCS250;-2,00
TISK-4;-1,00
SSC-SUMAGP6;-7,00
SWPPW;-2,00
TISK-1;-1,00
SWP2W;-1,00
SWP6W;-1,00
SWPWS-10;-1,00
MU;-1,00
KORESPOP4;-1,00
KORESCS250;-1,00
SWPWS-10;-1,00
TISK-5;-12,00
SWPBP;-12,00
SWPC-DECOVERING31;-1,00
TISK-31;-1,00
SSK-PROGAMERULTRA;-1,00
TISK-16;-1,00
SSK-OFDRY-5;-1,00
SWP2W;-1,00
TISK-18;-1,00
KORESCS250;-1,00
SWPPW;-1,00
MG-KT-18-05-N;-5,00
SWPMG1;-1,00
KORESPOP4;-1,00
SWPMG1;-2,00
SWPWS-10;-2,00
TISK-4;-2,00
SWPWS-20;-2,00
TISK-1;-1,00
SWP2W;-1,00
TISK-9;-1,00
SWPC-MAGPLAST10;-3,00
SWPPW24;-1,00
SWPPW;-1,00
SWPK-18WHITE;-1,00
SWPPW24;-1,00
KORESPOP4;-2,00
MG-KT-18-05-N;-10,00
SSC-MAG9;-2,00
KORESCS250;-1,00
TISK-18;-1,00
TISK-4;-1,00
SWPMG1;-2,00
KORESPOP4;-1,00
TISK-1;-1,00
KORESCS250;-1,00
SWPPC;-1,00
MG-F;-7,00
TISK-24;-1,00
SSK-PROSHORT;-1,00
SWP2W;-1,00
TISK-1;-1,00
SWPPW;-2,00
SWP6W;-1,00
TISK-1;-1,00
SWP2W;-1,00
TISK-5;-1,00
SWPBP;-1,00
SWP2W;-1,00
MG-KT-18-05-N;-10,00
SWP6W;-1,00
SWPPW;-3,00
SWPMG1;-1,00
TISK-18;-1,00
KORESCS250;-2,00
KORESPOP4;-2,00
SSC-SUMAGP6;-1,00
KORESPOP4;-1,00
KORESCS250;-1,00
SWPPW;-2,00
MG-KT-18-05-N;-5,00
SSC-SUMAGP6;-1,00
SWP6W;-1,00
TISK-18;-1,00
KORESPOP4;-1,00
TISK-18;-1,00
SWPPW;-2,00
KORESPOP10;-1,00
MG-KT-18-05-N;-5,00
KORESCS250;-1,00
SSC-SUMAGP6;-1,00
SWP6W;-1,00
MT01P206Z;-2,00
KORESCS250;-1,00
SWP6W;-1,00
SWPPW;-1,00
KORESPOP4;-1,00
TISK-1;-1,00
SSK-PROWBP;-1,00
SSC-SUMAGP6;-1,00
SWPPW;-1,00
TISK-23;-1,00
SSK-PROWBP;-3,00
SWPPW;-3,00
TISK-23;-1,00
SSC-SUMAGP6;-3,00
SWPA-NEOMAG-10PACK;-3,00
KORESPOP10;-2,00
KORESPOP4;-5,00
MG-KT-18-05-N;-30,00
KORESPOP4W;-3,00
SWPA-4EDD;-2,00
MG-F;-5,00
SWPC-DECOVERING215;-1,00
KORESCS250;-1,00
SWPPW;-1,00
SWPMG1;-1,00
SWP2W;-1,00
MG-KT-18-05-N;-5,00
TISK-18;-1,00
KORESPOP4;-1,00
SWPPW;-2,00
SWPPW24;-3,00
SWPK-18WHITE;-3,00
KORESPOP4;-6,00
KORESCS250;-3,00
TISK-1;-1,00
MU;-20,00
CSPRO;-1,00
SWPC-PRIMERMAG2;-1,00
SWPPW;-2,00
TISK-1;-1,00
KORESCS250;-2,00
KORESPOP4;-2,00
SWP6W;-2,00
KORESCS250;-1,00
MG-KT-18-05-N;-10,00
SSC-SUMAGP6;-3,00
TISK-18;-1,00
SWPPW24;-1,00
SWPPW;-1,00
SWPK-18WHITE;-1,00
KORESPOP4;-2,00
SWPMG5;-1,00
EDD4095;-1,00
KORESCS250;-1,00
SWP6C;-1,00
TISK-1;-1,00
MG-F;-1,00
SSC-SUMAGP6;-1,00
KORESCS250;-7,00
KORESPOP4;-3,00
MU;-1,00
SWPPW;-2,00
TISK-1;-1,00
SWP6W;-1,00
TISK-24;-1,00
SSK-PROSHORT;-2,00
KORESCS250;-1,00
SWPPW;-1,00
TISK-1;-1,00
KORESPOP4;-1,00
SWP6W;-1,00
SSC-SUMAGP6;-4,00
SWPPW24;-2,00
TISK-4;-1,00
SSC-MAG3;-2,00
SWPPW;-3,00
MU;-1,00
KORESCS250;-1,00
TISK-1;-1,00
KORESPOP4;-1,00
SWP2W;-1,00
SWP6W;-2,00
SWPC-DECOVERING21;-1,00
SWPA-NEOMAG-10PACK;-2,00
SWPSAM;-1,00
SSK-PROWBP;-4,00
SWPWS-20;-1,00
KORESPOP10;-1,00
SWP6W;-1,00
TISK-4;-1,00
SSC-SUMAGP6;-1,00
SWPK-18WHITE;-1,00
SWPPW24;-1,00
SWPPW;-1,00
SWP2W;-1,00
SWP6W;-1,00
KORESCS250;-1,00
SWPPW;-2,00
MG-KT-18-05-N;-5,00
SSC-SUMAGP6;-1,00
SWP6W;-1,00
KORESPOP4;-1,00
TISK-18;-1,00
TISK-24;-1,00
SSK-PROSHORT;-1,00
SWP6W;-1,00
KORESCS250;-1,00
SWPPW;-2,00
KORESPOP4;-1,00
MT01P205Z;-1,00
TISK-18;-1,00
MT01D290Z;-1,00
MG-KT-18-05-N;-5,00
SSC-SUMAGP6;-1,00
SWPPW;-1,00
SWPC-MAGPLAST10;-1,00
TISK-9;-1,00
MG-F;-2,00
MT01P206Z;-1,00
SWP2W;-1,00
KORESCS250;-1,00
SWPPW;-1,00
SWPMG1;-1,00
MG-KT-18-05-N;-5,00
KORESPOP4;-1,00
TISK-18;-1,00
SWP6C;-1,00
TISK-1;-1,00
SWP6W;-2,00
KORESPOP4;-1,00
SWPPW;-1,00
MT01D290Z;-2,00
SWP2W;-1,00
KORESCS250;-1,00
TISK-1;-1,00
TISK-1;-1,00
SWP2C;-1,00
SWPA-NEOMAG-10PACK;-1,00
MG-F;-6,00
SSC-MAG3;-1,00
TISK-4;-1,00
SWPPC;-1,00
SSK-PROWBP;-10,00
SWPA-NEOMAG-10PACK;-1,00
SWPC-MAGPLAST10;-4,00
SWPWS-20;-2,00
SWPBP;-10,00
TISK-5;-10,00
SWPPW;-2,00
KORESCS250;-1,00
MG-KT-18-05-N;-5,00
KORESPOP4;-1,00
TISK-18;-1,00
SWP6W;-1,00
SSC-SUMAGP6;-1,00
SSK-PROSHORT;-1,00
MG-F;-5,00
MU;-5,00
SWP6C;-3,00
TISK-1;-3,00
SWP2C;-1,00
SSC-SUMAGP6;-3,00
KORESCS250;-5,00
EDD4095;-10,00
MT01P206Z;-1,00
KORESCS250;-1,00
KORESPOP4;-1,00
MU;-1,00
SSK-PROWBP;-1,00
TISK-23;-1,00
SWP6C;-1,00
SSC-SUMAGP6;-1,00
MU;-1,00
KORESCS250;-1,00
EDD4095;-2,00
TISK-1;-1,00
MG-F;-1,00
TISK-9;-1,00
SWPC-MAGPLAST10;-1,00
SWPC-MAGPLAST10;-2,00
TISK-9;-1,00
MG-F;-1,00
SWPA-NEOMAG-10PACK;-1,00
MG-KT-18-05-N;-20,00
MT01P206Z;-2,00
TISK-1;-1,00
SWP6W;-1,00
SWPPW24;-2,00
SWPK-18WHITE;-2,00
SWPPW;-2,00
SSC-SUMAGP6;-6,00
SSK-PROHIGHCONTRAST;-3,00
Tisk-30;-1,00
SWP6C;-1,00
TISK-1;-1,00
KORESCS250;-2,00
KORESPOP10;-2,00
MU;-2,00
SWPBP;-1,00
MG-KT-18-05-N;-5,00
SSC-SUMAGP6;-1,00
TISK-4;-1,00
TISK-5;-1,00
TISK-1;-1,00
SWP6W;-1,00
SWPPW;-1,00
SWPPW24;-1,00
SWPK-18WHITE;-1,00
MG-F;-1,00
KORESPOP4W;-1,00
TISK-18;-1,00
SWPA-NEOMAG-10PACK;-1,00
SWPPW;-1,00
SSC-SUMAGP6;-3,00
KORESCS250;-1,00
SWP6W;-1,00
MG-KT-18-05-N;-5,00
KORESPOP4;-1,00
MT01P304Z;-1,00
TISK-18;-1,00
MG-F;-1,00
SSC-SUMAGP6;-1,00
SWPPW;-2,00
TISK-16;-1,00
SSK-OFPRO5;-1,00
KORESPOP4W;-1,00
SWPWS-10;-1,00
TISK-1;-1,00
SWPBP;-1,00
SWP6W;-1,00
SWPPW;-2,00
TISK-5;-1,00
MG-F;-5,00
MU;-1,00
KORESCS250;-1,00
KORESPOP4;-1,00
KORESPOP10;-1,00
TISK-28;-1,00
SSK-PROPRO;-3,00
KORESPOP4;-8,00
CSPRO;-1,00
KORESCS250;-7,00
MU;-8,00
SWPPW;-1,00
SWPK-18WHITE;-3,00
SWPPW24;-2,00
TISK-1;-1,00
SWPPW;-1,00
SWP6W;-2,00
SWPPW;-1,00
SWP6W;-1,00
TISK-1;-1,00
MG-KT-18-05-N;-4,00
SWPBP;-1,00
TISK-5;-1,00
SSK-AMWBP6W;-2,00
TISK-24;-1,00
SSK-PROSHORT;-1,00
SSK-PROPRO;-1,00
TISK-28;-1,00
SWPPW;-1,00
SWP6W;-1,00
KORESCS250;-1,00
TISK-1;-1,00
KORESPOP4;-1,00
MU;-1,00
KORESCS250;-1,00
KORESPOP10;-1,00
KORESPOP4;-2,00
MP-WHITE;-20,00
SWP2C;-1,00
KORESCS250;-1,00
KORESPOP4;-1,00
SWPMG1;-1,00
MG-KT-18-05-N;-5,00
TISK-18;-1,00
KORESCS250;-1,00
SWPPW;-1,00
KORESPOP10;-1,00
TISK-1;-1,00
KORESPOP4;-1,00
MT01D290Z;-2,00
SWP6W;-1,00
MG-KT-18-05-N;-10,00
MG-F;-10,00
TISK-1;-1,00
SWP6W;-1,00
SWPPW;-2,00
MG-KT-18-05-N;-5,00
KORESPOP4;-1,00
TISK-18;-1,00
SSC-SUMAGP6;-1,00
SWP6W;-1,00
KORESCS250;-1,00
SWP6W;-1,00
TISK-1;-1,00
TISK-23;-1,00
SSK-PROWBP;-1,00
SWP6W;-1,00
TISK-1;-1,00
SWPPW;-1,00
SWP2W;-1,00
SSK-OFDRYC;-1,00
KORESCS250;-4,00
MU;-4,00
KORESPOP4;-4,00
TISK-4;-1,00
SWPMG1;-1,00
TISK-18;-1,00
KORESCS250;-1,00
KORESPOP4;-1,00
MG-KT-18-05-N;-5,00
SSC-SUMAGP6;-1,00
SWPPW;-2,00
TISK-27;-1,00
SSK-PROALR;-2,00
KORESPOP10;-1,00
SWPMG1;-1,00
KORESPOP4;-4,00
MU;-2,00
SWP2W;-1,00
KORESCS250;-4,00
MG-KT-18-05-N;-30,00
SWP6W;-1,00
MP-WHITE2;-3,00
SWPPW;-3,00
SWPA-NEOMAG-10PACK;-3,00
SSC-SUMAGP6;-1,00
SWP6W;-1,00
TISK-1;-1,00
KORESCS250;-1,00
KORESPOP4;-1,00
SWPPW;-1,00
SWPA-NEOMAG-10PACK;-2,00
KORESCS250;-2,00
KORESPOP4;-2,00
KORESPOP10;-1,00
KORESCS250;-1,00
SWP2W;-1,00
TISK-1;-1,00
KORESPOP4;-1,00
TISK-4;-1,00
SWPMG1;-1,00
MP-WHITE2;-1,00
MP-WHITE2;-1,00
KORESCS250;-1,00
KORESPOP4;-1,00
MU;-1,00
MP-WHITE2;-1,00
TISK-23;-1,00
SSK-PROWBP;-1,00
MP-WHITE2;-1,00
MG-KT-18-05-N;-20,00
TISK-4;-1,00
SSC-SUMAGP6;-3,00
MP-WHITE2;-1,00
KORESCS250;-5,00
KORESPOP10;-9,00
KORESPOP4W;-2,00
MU;-5,00
SWPMG1;-1,00
SWPMG5;-2,00
TISK-4;-1,00
KORESCS250;-1,00
TISK-18;-1,00
SWPPW;-2,00
SSC-SUMAGP6;-1,00
SWP6W;-1,00
MG-KT-18-05-N;-5,00
KORESPOP4;-1,00
KORESPOP4;-2,00
KORESCS250;-2,00
MU;-2,00
SSK-PROSHORT;-1,00
TISK-6;-1,00
SSK-PROPRO;-4,00
TISK-28;-1,00
SWPA-NEOMAG-10PACK;-1,00
KORESCS250;-1,00
MG-KT-18-05-N;-20,00
KORESPOP4;-1,00
MU;-1,00
SWPPW;-5,00
SWPPW;-2,00
TISK-1;-1,00
SWP6W;-2,00
SWPPW24;-1,00
TISK-4;-1,00
TISK-24;-1,00
SSK-PROSHORT;-4,00
SSC-SUMAGP6;-6,00
SSC-MAG3;-1,00
TISK-4;-1,00
SWPPW;-2,00
TISK-1;-1,00
SWPK-18WHITE;-1,00
SWPPW24;-1,00
MP-WHITE2;-1,00
SWPPW24;-1,00
SSC-SUMAGP6;-3,00
TISK-23;-1,00
SWPA-NEOMAG-10PACK;-1,00
TISK-4;-1,00
SSK-PROWBP;-3,00
SWPK-18WHITE;-1,00
SSC-SUMAGP6;-5,00
SWPPW24;-2,00
SWP6W;-2,00
TISK-18;-1,00
SWPPW;-2,00
KORESCS250;-1,00
TISK-1;-1,00
KORESPOP4;-1,00
SWPPW;-1,00
SWP6W;-1,00
KORESPOP10;-1,00
CSPRO;-1,00
SWPPW24;-1,00
TISK-1;-1,00
SWPK-18WHITE;-1,00
TISK-32;-1,00
SWPK-18WHITE;-1,00
TISK-1;-1,00
TISK-32;-1,00
SWPPW24;-1,00
TISK-32;-1,00
SWP2C;-1,00
TISK-1;-1,00
SWP6W;-1,00
TISK-32;-1,00
TISK-18;-1,00
KORESCS250;-2,00
KORESPOP10;-2,00
SWPPW;-1,00
MG-F;-2,00
MP-WHITE2;-2,00
SSC-MAG3;-1,00
TISK-9;-1,00
SWPC-MAGPLAST10;-5,00
SWPPW;-2,00
SSC-SUMAGP6;-2,00
TISK-18;-1,00
SSK-PROWBP;-2,00
TISK-32;-1,00
SWPBP;-20,00
TISK-5;-20,00
KORESCS250;-1,00
MU;-2,00
KORESPOP4;-2,00
SWPA-NEOMAG-10PACK;-1,00
MG-KT-18-05-N;-3,00
SSC-SUMAGP6;-1,00
MG-F;-1,00
SWPPW24;-1,00
TISK-32;-1,00
TISK-1;-1,00
SWPK-18WHITE;-1,00
TISK-4;-1,00
SSC-SUMAGP6;-1,00
SWP6W;-1,00
TISK-1;-1,00
TISK-32;-1,00
SWPPW;-1,00
TISK-4;-1,00
SWPMG1;-1,00
SWPA-NEOMAG-10PACK;-2,00
SSC-WCADH;-2,00
TISK-17;-1,00
SSC-MAG3;-1,00
TISK-4;-1,00
SSK-PROSHORT;-1,00
TISK-24;-1,00
KORESCS250;-4,00
SWPK-18CLEAR;-4,00
SWP6C;-1,00
TISK-32;-1,00
TISK-32;-1,00
SWP6W;-1,00
SWPK-18WHITE;-1,00
SWPPW24;-2,00
TISK-1;-1,00
SWPPW;-2,00
KORESCS250;-1,00
SWPPW24;-1,00
TISK-32;-1,00
TISK-1;-1,00
KORESPOP4;-2,00
SWPK-18WHITE;-1,00
KORESPOP10;-1,00
TISK-32;-1,00
KORESPOP4;-1,00
KORESCS250;-1,00
SWP6W;-1,00
TISK-1;-1,00
SWPPW;-1,00
MG-KT-18-05-N;-15,00
SSC-SUMAGP6;-2,00
SWPA-NEOMAG-1;-1,00
TISK-18;-1,00
SWP6W;-2,00
SWPPW24;-1,00
TISK-32;-1,00
SWPPW;-1,00
MG-F;-1,00
SWPMG1;-1,00
SWP2W;-1,00
MP-WHITE;-1,00
KORESCS250;-1,00
KORESPOP10;-1,00
TISK-32;-1,00
MG-KT-18-05-N;-15,00
KORESPOP4;-1,00
TISK-18;-1,00
TISK-5;-1,00
SWPBP;-1,00
MU;-1,00
KORESPOP4;-1,00
SWPWS-20;-1,00
KORESCS250;-1,00
MG-F;-1,00
SWPWS-10;-1,00
TISK-24;-1,00
SSK-PROSHORT;-1,00
SWPPW;-1,00
BALPRKORES1;-1,00
MU;-2,00
KORESPOP4;-1,00
SWP2W;-1,00
KORESCS250;-1,00
SWPMG1;-1,00
TISK-18;-1,00
TISK-32;-1,00
MG-KT-18-05-N;-5,00
SWPPW;-1,00
SSA-ERASER;-5,00
TISK-1;-1,00
TISK-32;-1,00
KORESCS250;-2,00
KORESPOP4;-4,00
SWPK-18WHITE;-2,00
SWPPW24;-2,00
MU;-5,00
MP-WHITE;-1,00
KORESPOP10;-1,00
MG-F;-3,00
MG-KT-18-05-N;-70,00
MG-KT-10KS;-13,00
TISK-32;-1,00
KORESPOP4;-1,00
SWP6W;-1,00
KORESCS250;-1,00
TISK-1;-1,00
SWPPW;-1,00
SWPC-MAGPLAST10;-1,00
SWP6W;-1,00
TISK-1;-1,00
TISK-32;-1,00
SSC-SUMAGP6;-1,00
SWPPW24;-1,00
TISK-23;-1,00
SSK-PROWBP;-1,00
TISK-32;-1,00
SWPWS-10;-1,00
KORESCS250;-1,00
KORESPOP4;-1,00
MU;-1,00
SSK-PROPRO;-2,00
TISK-28;-2,00
TISK-29;-1,00
SSK-PROCLEAR;-1,00
TISK-27;-4,00
TISK-21;-2,00
TISK-26;-1,00
SSK-PROFLOOR;-1,00
SSK-PROGAMERULTRA;-5,00
TISK-31;-5,00
SSK-GREENSPRO;-1,00
TISK-28;-5,00
SSK-PROALR;-4,00
SSK-PROOUTDOOR4,5;-2,00
SSK-PROWBP;-4,00
SSK-PROPRO;-5,00
TISK-20;-1,00
SSK-PROBLACK;-2,00
TISK-30;-5,00
TISK-22;-2,00
SSK-PROINTERACTIVE;-1,00
TISK-25;-1,00
SSK-PROHIGHCONTRAST;-5,00
TISK-23;-4,00
TISK-4;-1,00
SSC-SUMAGP6;-1,00
TISK-32;-1,00
KORESPOP4;-2,00
KORESCS250;-2,00
MG-KT-18-05-N;-10,00
SWPPW;-4,00
SSC-SUMAGP6;-2,00
SWP6W;-2,00
TISK-18;-1,00
TISK-4;-1,00
SWPMG1;-1,00
SWPK-18WHITE;-2,00
TISK-32;-2,00
SWP6W;-1,00
SSC-SUMAGP6;-7,00
SWPPW24;-2,00
KORESCS250;-2,00
TISK-32;-1,00
SWPPW;-2,00
SWP6W;-2,00
KORESPOP4;-2,00
SWP6W;-2,00
TISK-32;-1,00
TISK-32;-1,00
SWP6W;-1,00
TISK-1;-1,00
SWP2W;-1,00
MU;-1,00
KORESPOP4;-1,00
KORESCS250;-1,00
SWP6W;-2,00
TISK-32;-1,00
SWPPW;-2,00
SWPWS-20;-1,00
SWPA-SPRAY250;-1,00
MG-F;-3,00
KORESCS250;-1,00
SWP6W;-1,00
TISK-1;-1,00
TISK-32;-1,00
SWPPW;-1,00
KORESPOP4;-1,00
KORESPOP4;-1,00
MP-WHITE;-1,00
MG-F;-2,00
SWP6C;-1,00
TISK-1;-1,00
MG-KT-18-05-N;-5,00
SSC-SUMAGP6;-1,00
KORESCS250;-1,00
TISK-32;-1,00
SWPA-NEOMAG-1;-1,00
KORESCS250;-3,00
TISK-32;-1,00
KORESPOP4;-3,00
MG-F;-1,00
SSA-ERASER;-3,00
MG-KT-18-05-N;-10,00
CSPRO;-1,00
SWPC-DECOVERING;-1,00
KORESPOP4;-1,00
SWPBP;-1,00
TISK-5;-1,00
SWPC-DECOVERING31;-1,00
SSC-WCADH;-1,00
TISK-33;-1,00
TISK-15;-2,00
SWPC-DECOVERING2;-2,00
TISK-33;-1,00
TISK-32;-1,00
SWP6W;-1,00
SSC-SUMAGP6;-1,00
TISK-32;-1,00
SWPA-NEOMAG-1;-1,00
SWP6W;-2,00
SWPPW;-4,00
TISK-18;-1,00
SSC-SUMAGP6;-2,00
TISK-27;-1,00
SSK-PROALR;-1,00
MU;-40,00
MG-KT-18-05-N;-10,00
KORESCS250;-1,00
TISK-32;-1,00
SWPK-18WHITE;-1,00
KORESPOP4;-2,00
SWPPW24;-1,00
TISK-2;-1,00
SWPPW;-2,00
TISK-18;-1,00
SSC-SUMAGP6;-3,00
TISK-2;-2,00
TISK-32;-1,00
SWP6C;-1,00
SWPMG1;-1,00
TISK-18;-1,00
SSC-SUMAGP6;-1,00
KORESPOP4;-2,00
TISK-18;-1,00
TISK-32;-1,00
SWPPW;-4,00
MT01P206Z;-3,00
KORESCS250;-2,00
TISK-2;-2,00
MG-KT-18-05-N;-10,00
SSC-SUMAGP6;-2,00
SWP6W;-2,00
KORESPOP4;-1,00
TISK-2;-1,00
TISK-16;-1,00
TISK-33;-1,00
SSK-OFDRY;-1,00
TISK-32;-1,00
SWPPW;-4,00
SSC-SUMAGP6;-2,00
MG-KT-18-05-N;-10,00
SWP6W;-2,00
KORESCS250;-2,00
TISK-18;-1,00
KORESPOP4;-2,00
TISK-2;-2,00
SWPA-NEOMAG-1;-1,00
TISK-2;-2,00
MT01P206Z;-3,00
TISK-32;-2,00
MU;-2,00
SSC-SUMAGP6;-1,00
KORESCS250;-2,00
KORESPOP4;-2,00
MG-KT-18-05-N;-5,00
SWP6W;-2,00
SWPA-NEOMAG-10PACK;-2,00
MG-F;-1,00
MTPAPI03Z;-2,00
SWPK-18WHITE;-1,00
SWPPW24;-1,00
SWPPW;-2,00
TISK-2;-2,00
SWPMG5;-2,00
SWPMG1;-1,00
SWPA-NEOMAG-10PACK;-3,00
TISK-32;-1,00
TISK-4;-1,00
SWPA-NEOMAG-10PACK;-1,00
KORESCS250;-2,00
KORESPOP4;-2,00
MU;-2,00
KORESCS250;-1,00
TISK-32;-1,00
TISK-2;-1,00
TISK-1;-1,00
KORESPOP4;-1,00
SWPPW;-1,00
SWP6W;-1,00
SWPA-NEOMAG-10PACK;-4,00
MP-WHITE2;-4,00
KORESPOP4;-4,00
KORESPOP4W;-4,00
KORESCS250;-6,00
MU;-8,00
SSC-WCADH;-1,00
TISK-33;-1,00
TISK-15;-1,00
TISK-17;-1,00
SWPC-DECOVERING21;-1,00
SSC-SUMAGP6;-1,00
SWPPW;-2,00
TISK-18;-1,00
TISK-32;-1,00
SWP6W;-1,00
SSC-SUMAGP6;-1,00
KORESCS250;-1,00
TISK-2;-1,00
MG-KT-18-05-N;-5,00
KORESPOP4;-1,00
SWP6W;-1,00
SWPPW;-2,00
TISK-2;-2,00
TISK-1;-1,00
TISK-32;-2,00
SWP2W;-1,00
KORESPOP10;-1,00
SWPWS-10;-1,00
SWPBP;-1,00
MG-KT-18-05-N;-5,00
TISK-4;-1,00
SSC-SUMAGP6;-1,00
TISK-5;-1,00
SWPWS-10;-1,00
KORESPOP4;-1,00
KORESCS250;-1,00
SWPWS-10;-1,00
SSK-OFPRO5;-1,00
TISK-2;-1,00
TISK-33;-1,00
TISK-16;-1,00
SSK-PROBLACK;-3,00
TISK-21;-1,00
TISK-4;-1,00
SSC-SUMAGP6;-1,00
SWPMG1;-1,00
TISK-2;-1,00
TISK-32;-1,00
SWPPW;-1,00
TISK-18;-1,00
SWP6W;-1,00
SWPMG1;-3,00
TISK-4;-1,00
KORESPOP10;-1,00
SWPBP;-1,00
MG-KT-18-05-N;-5,00
TISK-5;-1,00
MP-WHITE;-1,00
KORESCS250;-1,00
SSA-ERASER;-1,00
SWPK-18WHITE;-2,00
SWP6W;-3,00
KORESCS250;-3,00
KORESPOP4;-6,00
SWPA-NEOMAG-1;-2,00
MG-KT-18-05-N;-30,00
SSC-SUMAGP6;-9,00
TISK-2;-1,00
MG-KT-18-05-N;-5,00
KORESPOP4;-1,00
TISK-32;-1,00
KORESCS250;-1,00
SWPPW;-1,00
TISK-18;-1,00
SWPMG1;-1,00
SWP2W;-1,00
TISK-32;-1,00
KORESCS250;-2,00
TISK-2;-2,00
SWP6W;-2,00
MG-KT-18-05-N;-10,00
KORESPOP4;-2,00
SSC-SUMAGP6;-2,00
SWPWS-10;-2,00
SSC-MAG3;-1,00
SSK-OFDRY;-1,00
TISK-9;-1,00
SWPC-MAGPLAST10;-1,00
SWPWS-10;-1,00
KORESPOP10;-1,00
MU;-1,00
KORESCS250;-1,00
KORESPOP4;-1,00
SWPPW;-1,00
SWP6W;-1,00
TISK-2;-1,00
TISK-1;-1,00
TISK-32;-1,00
MG-KT-18-05-N;-30,00
MG-F;-1,00
SWPA-NEOMAG-10PACK;-1,00
TISK-24;-1,00
SSK-PROSHORT;-1,00
SWPPW;-1,00
KORESPOP4;-1,00
TISK-2;-1,00
TISK-32;-1,00
KORESCS250;-1,00
MG-F;-1,00
SSC-SUMAGP6;-1,00
MG-KT-18-05-N;-15,00
SWPPW;-2,00
TISK-18;-1,00
SWP6W;-1,00
TISK-4;-1,00
SWPMG1;-1,00
MP-WHITE;-1,00
KORESCS250;-1,00
KORESPOP4;-1,00
MU;-1,00
SSK-PROCLEAR;-1,00
SWPC-DECOVERING31;-1,00
KORESCS250;-1,00
TISK-2;-1,00
KORESPOP4;-1,00
TISK-18;-1,00
SWP6W;-1,00
SSC-SUMAGP6;-1,00
TISK-32;-1,00
MG-KT-18-05-N;-5,00
SWPPW;-2,00
MU;-1,00
TISK-17;-1,00
TISK-2;-1,00
MT01P205Z;-1,00
KORESPOP4;-1,00
TISK-33;-1,00
TISK-15;-1,00
SWPPW;-1,00
MG-F;-2,00
SSC-WCADH;-1,00
KORESCS250;-2,00
SWPWS-20;-3,00
TISK-2;-1,00
SSK-PROWBP;-1,00
TISK-23;-1,00
MU;-1,00
SWPMG1;-1,00
TISK-4;-1,00
TISK-4;-1,00
SSC-SUMAGP6;-1,00
MG-KT-18-05-N;-12,00
MT01D290Z;-2,00
SWPPC;-4,00
SWP2C;-4,00
SWPK-18CLEAR;-5,00
MG-KT-18-05-N;-50,00
KORESPOP4W;-1,00
KORESPOP10;-2,00
MG-KT-18-05-N;-10,00
MP-WHITE2;-5,00
KORESCS250;-5,00
MU;-5,00
KORESPOP4;-6,00
SSC-SUMAGP6;-1,00
TISK-2;-1,00
KORESPOP4;-1,00
SWP6W;-1,00
KORESCS250;-1,00
TISK-18;-1,00
MG-KT-18-05-N;-5,00
TISK-32;-1,00
SWPPW;-2,00
KORESPOP4;-1,00
MG-KT-18-05-N;-3,00
MG-F;-1,00
SWPA-NEOMAG-1;-3,00
TISK-32;-1,00
KORESPOP4;-1,00
SSC-SUMAGP6;-1,00
MG-KT-18-05-N;-5,00
TISK-2;-1,00
MU;-1,00
SWP2W;-1,00
SWPA-NEOMAG-1;-1,00
SWP6W;-1,00
SSK-PROPRO;-1,00
SSK-PROSHORT;-1,00
TISK-24;-1,00
TISK-28;-1,00
MG-KT-18-05-N;-10,00
SSK-PROHIGHCONTRAST;-1,00
TISK-30;-1,00
SSK-PROHIGHCONTRAST;-2,00
TISK-18;-1,00
MP-WHITE;-1,00
KORESPOP4;-2,00
MG-KT-18-05-N;-5,00
KORESCS250;-2,00
SWPMG1;-1,00
MU;-1,00
SWPPW;-1,00
TISK-2;-1,00
SWP2W;-1,00
TISK-32;-1,00
SWPC-DECOVERING21;-1,00
TISK-2;-3,00
SWPC-DECOVERING;-2,00
SWPA-NEOMAG-10PACK;-2,00
SWPBP;-2,00
TISK-5;-1,00
TISK-32;-1,00
SWPA-NEOMAG-1;-1,00
TISK-2;-1,00
MP-WHITE2;-1,00
SSC-SUMAGP6;-1,00
KORESCS250;-1,00
MU;-1,00
SWP6W;-1,00
KORESPOP4;-1,00
TISK-2;-1,00
TISK-33;-1,00
SWPC-DECOVERING315;-1,00
TISK-15;-1,00
TISK-4;-1,00
SWPMG5;-1,00
SWPPW;-2,00
TISK-33;-1,00
TISK-2;-1,00
SWPC-DECOVERING31;-1,00
SSC-WCADH;-1,00
SWPK-18WHITE;-2,00
SSC-SUMAGP6;-7,00
SWPK-18WHITE;-1,00
MG-KT-18-05-N;-10,00
TISK-18;-1,00
SWP6W;-2,00
KORESPOP4;-2,00
SWPPW;-4,00
SSC-SUMAGP6;-2,00
KORESCS250;-2,00
TISK-2;-2,00
TISK-2;-2,00
SWP2C;-1,00
SWPA-NEOMAG-1;-2,00
SWP6C;-1,00
SSC-SUMAGP6;-2,00
KORESCS250;-1,00
SWPWS-20;-1,00
KORESPOP4;-1,00
MU;-1,00
KORESCS250;-1,00
KORESPOP10;-1,00
MU;-1,00
MP-WHITE2;-1,00
MG-F;-2,00
TISK-2;-1,00
TISK-16;-1,00
SSK-OFPRO5;-1,00
TISK-33;-1,00
SWP6W;-1,00
KORESPOP4;-2,00
SWPPW;-2,00
KORESCS250;-2,00
TISK-2;-1,00
TISK-1;-1,00
SWP2W;-1,00
TISK-32;-1,00
STABMARK41;-1,00
KORESCS250;-1,00
TISK-1;-1,00
SWP6W;-1,00
MTFC1P07Z;-1,00
TISK-2;-1,00
KORESPOP4;-1,00
TISK-32;-1,00
SWPMG1;-1,00
MG-KT-18-05-N;-5,00
TISK-2;-1,00
KORESCS250;-1,00
KORESPOP4;-1,00
TISK-18;-1,00
SWP2C;-1,00
TISK-32;-1,00
TISK-2;-1,00
SWPC-DECOVERING31;-1,00
SSC-WCADH;-1,00
TISK-33;-1,00
SWPPW;-1,00
SWPPW24;-1,00
SWPBP;-1,00
TISK-4;-1,00
MG-KT-18-05-N;-5,00
TISK-5;-1,00
SSC-SUMAGP6;-1,00
TISK-5;-1,00
SWPBP;-2,00
SWPPW;-2,00
KORESCS250;-2,00
KORESPOP4;-1,00
MU;-1,00
MU;-1,00
BALPRKORES1;-1,00
SWPWS-10;-3,00
SWPPW;-2,00
SWP6W;-1,00
MG-KT-18-05-N;-5,00
TISK-18;-1,00
TISK-32;-1,00
TISK-2;-1,00
KORESPOP4;-1,00
SSC-SUMAGP6;-1,00
KORESCS250;-1,00
SWPPW;-2,00
TISK-2;-1,00
KORESPOP4;-2,00
SWP6W;-2,00
KORESCS250;-2,00
MT01P206Z;-2,00
TISK-32;-1,00
MU;-6,00
KORESCS250;-6,00
MP-WHITE2;-1,00
MP-WHITE2;-5,00
SWPA-NEOMAG-10PACK;-6,00
KORESPOP4;-6,00
MG-KT-18-05-N;-10,00
KORESCS250;-2,00
TISK-2;-1,00
KORESPOP4;-2,00
TISK-32;-1,00
SSC-SUMAGP6;-2,00
SWPPW;-4,00
SWP6W;-2,00
SWPPW;-1,00
SWPA-SPRAY250;-1,00
MP-WHITE2;-1,00
MU;-1,00
KORESCS250;-1,00
TISK-2;-1,00
SWP6W;-1,00
TISK-18;-1,00
KORESPOP4;-1,00
SWPPW;-2,00
MG-KT-18-05-N;-5,00
SSC-SUMAGP6;-1,00
TISK-32;-1,00
KORESCS250;-1,00
TISK-2;-1,00
SWPPW;-1,00
KORESPOP4;-1,00
TISK-32;-1,00
SWP6W;-1,00
SWPBP;-1,00
TISK-4;-1,00
TISK-5;-1,00
MG-KT-18-05-N;-5,00
SSC-SUMAGP6;-1,00
SSK-PROPRO;-2,00
TISK-2;-1,00
SWPA-NEOMAG-1;-1,00
SWPMG5;-1,00
TISK-4;-1,00
MP-WHITE2;-1,00
STABMARK46;-1,00
KORESPOP10;-1,00
MTSLIM22Z;-1,00
MU;-2,00
MG-KT-18-05-N;-6,00
KORESCS250;-1,00
CSPRO;-2,00
KORESPOP4;-1,00
KORESPOP4W;-1,00
SWPA-NEOMAG-10PACK;-1,00
SWP6W;-1,00
TISK-32;-1,00
SWPA-4EDD;-1,00
TISK-2;-1,00
SWPWS-10;-3,00
BALPRKORES1;-1,00
MU;-1,00
MU;-1,00
KORESPOP4;-2,00
SWPWS-20;-1,00
KORESCS250;-1,00
MG-KT-18-05-N;-10,00
MP-WHITE2;-1,00
SWPA-NEOMAG-10PACK;-2,00
TISK-18;-1,00
TISK-2;-2,00
SWPPW;-4,00
KORESPOP4;-2,00
KORESCS250;-2,00
SWP6W;-2,00
TISK-32;-1,00
SSC-SUMAGP6;-2,00
MT01P208RZ;-1,00
MG-KT-18-05-N;-20,00
MP-WHITE;-1,00
STABMARK45;-1,00
MT01P304Z;-1,00
TISK-24;-1,00
SSK-PROSHORT;-1,00
SWPPW;-1,00
TISK-2;-1,00
TISK-33;-1,00
CSPRO;-3,00
CSPRO;-4,00
MU;-5,00
SWP2W;-1,00
TISK-2;-1,00
TISK-2;-1,00
TISK-32;-1,00
SWP2W;-1,00
KORESPOP10;-1,00
SWPWS-10;-1,00
MP-WHITE;-1,00
MU;-2,00
KORESPOP4;-2,00
KORESCS250;-2,00
BALVBMG2.3A;-1,00
SWPWS-10;-1,00
TISK-2;-8,00
TISK-33;-1,00
SWPA-NEOMAG-10PACK;-1,00
KORESCS250;-8,00
MG-KT-18-05-N;-6,00
KORESPOP4;-8,00
MU;-8,00
MG-KT-18-05-N;-1,00
KORESPOP4;-1,00
SSC-SUMAGP6;-1,00
KORESCS250;-1,00
MG-KT-18-05-N;-4,00
SWP6W;-1,00
MU;-20,00
SSK-PROWBP;-1,00
TISK-32;-1,00
TISK-23;-1,00
SWPPW;-1,00
TISK-2;-1,00
SWP6W;-2,00
TISK-32;-1,00
TISK-2;-1,00
SWPPW;-2,00
MU;-2,00
MT01P208RZ;-1,00
KORESCS250;-2,00
KORESPOP4;-2,00